{
    "n_bands_converge": 30,
    "occupation": [
        [
            2,
            2,
            2,
            2,
            2,
            2,
            2,
            2,
            2,
            2,
            2,
            2,
            2,
            2,
            2,
            2,
            2,
            2,
            2,
            2,
            2,
            2,
            2,
            2,
            2,
            2,
            4.2900910829550864e-16,
            4.225558258648464e-16,
            1.033111804770826e-24,
            1.018099962238544e-24,
            7.157952296980096e-30,
            7.078614157250614e-30,
            2.4215165190355747e-52,
            2.3787775597741976e-52
        ],
        [
            2,
            2,
            2,
            2,
            2,
            2,
            2,
            2,
            2,
            2,
            2,
            2,
            2,
            2,
            2,
            2,
            2,
            2,
            2,
            2,
            2,
            2,
            2,
            2,
            2,
            2,
            2.5892405778409267e-20,
            2.5372878934024248e-20,
            6.699251406002398e-29,
            6.565414528990316e-29,
            2.2211095513861714e-39,
            2.1854015012863876e-39,
            1.3184201730296248e-55,
            1.2947632024534607e-55
        ],
        [
            2,
            2,
            2,
            2,
            2,
            2,
            2,
            2,
            2,
            2,
            2,
            2,
            2,
            2,
            2,
            2,
            2,
            2,
            2,
            2,
            2,
            2,
            2,
            2,
            2,
            2,
            2.2737422863674465e-22,
            2.2527279037243113e-22,
            2.4969254004753583e-27,
            2.4528481377959164e-27,
            6.217404582950892e-28,
            6.150981039662543e-28,
            5.458022402352712e-39,
            5.360814983954973e-39
        ],
        [
            2,
            2,
            2,
            2,
            2,
            2,
            2,
            2,
            2,
            2,
            2,
            2,
            2,
            2,
            2,
            2,
            2,
            2,
            2,
            2,
            2,
            2,
            2,
            2,
            2,
            2,
            2.1592563646494236e-20,
            2.1107030661834396e-20,
            2.3610734325933376e-28,
            2.3107002621632043e-28,
            7.885776913131635e-47,
            7.749379024804357e-47,
            4.382734734949669e-54,
            4.305348675506045e-54
        ]
    ],
    "n_iter": 7,
    "norm_Δρ": 0.0019035680771185063,
    "εF": 0.2719780379834838,
    "algorithm": "SCF",
    "converged": true,
    "energies": {
        "AtomicNonlocal": 23.356896288906196,
        "PspCorrection": 4.4374198704981636,
        "Ewald": -104.5195359023826,
        "total": -184.74437845241042,
        "Entropy": -7.027381016977754e-18,
        "Kinetic": 59.6125929957889,
        "AtomicLocal": -200.72348455746763,
        "Hartree": 66.40554254474858,
        "Xc": -33.31380969250201
    },
    "eigenvalues": [
        [
            -1.9973088485042112,
            -1.9972842209144206,
            -1.0471193499130813,
            -1.0470951997942046,
            -1.0457601999169117,
            -1.0457367557154666,
            -1.0450844992216097,
            -1.0450600970864548,
            -0.23855067096216687,
            -0.2385344906411514,
            -0.213269507485786,
            -0.21325413756787576,
            0.05827708436823674,
            0.058294341871421455,
            0.09748036590243715,
            0.09749227202317738,
            0.10601581955782469,
            0.10602895903154289,
            0.12438054528672851,
            0.12439649919174868,
            0.16753627253975928,
            0.16755426850926586,
            0.20088200905412087,
            0.20089536440133698,
            0.20906497807280827,
            0.2090844730016084,
            0.3080562386877759,
            0.30807139526764354,
            0.3279006519785409,
            0.32791528928785996,
            0.339780514005838,
            0.3397916598058205,
            0.3915212159950769,
            0.391539023274351
        ],
        [
            -1.9973051168121663,
            -1.9972804854294774,
            -1.0530324289470137,
            -1.053008042643442,
            -1.0458048228805779,
            -1.0457805858701423,
            -1.0449085624629622,
            -1.044884992096848,
            -0.21013987643081933,
            -0.2101237582974364,
            -0.20165731562817954,
            -0.20164172480767784,
            0.04585394442969575,
            0.045870814289163654,
            0.06116992869446444,
            0.06118685366016319,
            0.09830516732002995,
            0.09832015332086491,
            0.12273542159790984,
            0.1227505105576685,
            0.15343430195283575,
            0.15345036742040713,
            0.17692862072155724,
            0.17694270956807334,
            0.21994464169430705,
            0.21996489779899747,
            0.31777152240439743,
            0.3177917912718574,
            0.33754415707116386,
            0.33756433721284157,
            0.36167399692186303,
            0.3616902042256954,
            0.3990369310975152,
            0.3990550374555331
        ],
        [
            -1.9977331588343699,
            -1.9977085330892281,
            -1.0468536059352154,
            -1.046830157068938,
            -1.0459956286419412,
            -1.0459714551629282,
            -1.0398449349213572,
            -1.0398204928356196,
            -0.26234646067412665,
            -0.26233022360211844,
            -0.22321056532145256,
            -0.22319544622770737,
            0.04854416145314252,
            0.04856041143353399,
            0.11568194074130632,
            0.11570108447420918,
            0.1329716383398592,
            0.1329875048721204,
            0.15688789940122272,
            0.15690796452320213,
            0.1638448087032349,
            0.1638638137732013,
            0.1989167831918968,
            0.198928647013192,
            0.23125934305611545,
            0.23127552932583573,
            0.32250663015154,
            0.32251591532640655,
            0.3339259225396923,
            0.3339437328202895,
            0.33531621521782917,
            0.335326956180136,
            0.3607749172640353,
            0.3607928877780418
        ],
        [
            -1.997210291455006,
            -1.9971856601039732,
            -1.0562741280922399,
            -1.0562497444930414,
            -1.0449413936135827,
            -1.044917636071647,
            -1.042340325422979,
            -1.0423158987999153,
            -0.2093338800395511,
            -0.20931772842424667,
            -0.20250326063213148,
            -0.20248760386558118,
            0.02958250387865452,
            0.02959924892907908,
            0.06487404679104437,
            0.06488891944518654,
            0.09147423619365014,
            0.09149027014765612,
            0.12339682306237698,
            0.12341556178472493,
            0.17060898486599105,
            0.17062303173820254,
            0.20297379524922324,
            0.20299019237113097,
            0.2158858129471226,
            0.21590421347092942,
            0.3179531231371303,
            0.3179758659252157,
            0.3362844514079306,
            0.3363060171454885,
            0.37882762378868506,
            0.3788450718204406,
            0.39553310728746094,
            0.3955509220579734
        ]
    ],
    "damping": 0.8,
    "occupation_threshold": 1.0e-6
}